date,Arab-American,Asian/Pacific Islander,Black,Hispanic/Latino,Native American,Other,Unknown,White
2015-01-01,,,M,,,,,
2015-01-02,,M,,,,,,M
2015-01-03,,,,M,,,,M
2015-01-04,,,,,,,,"M,M"
2015-01-05,,,M,"M,M",,,,
2015-01-06,,,"M,M",,,,,"M,F,M"
2015-01-07,,,"M,M,M",,,,,"M,M"
2015-01-08,,,"M,M",,,,,"M,M,M"
2015-01-09,,,,M,,,,M
2015-01-11,,,,"M,M",,,,
2015-01-12,,,,,,,,M
2015-01-13,,,,,,,,"M,M"
2015-01-14,,,"M,M",,,,,"M,M,M,M,M"
2015-01-15,,,"M,M",M,,,,"M,M,F"
2015-01-16,,M,"M,M",M,,,M,"M,M"
2015-01-17,,,M,"M,M",,,,
2015-01-18,,,,,,,,"M,M"
2015-01-19,,,,,,,,M
2015-01-21,,,M,M,,,,"M,M,M"
2015-01-22,,,M,,,,,F
2015-01-23,,,M,M,,,,M
2015-01-24,,,M,,,,,M
2015-01-25,,,,M,,,M,
2015-01-26,,,M,"N,M,M",,,,M
2015-01-27,,,M,,M,,,M
2015-01-28,,M,,,M,,,"M,M"
2015-01-29,,,,,,,,"M,M"
2015-01-30,,,,,,,M,"F,M"
2015-01-31,,,M,M,,,,
2015-02-02,,M,,,,,,"M,M,M"
2015-02-03,,,"M,M,F,F",,,,,M
2015-02-04,,,"M,M","M,M,M",,,,M
2015-02-05,,,M,M,,,,M
2015-02-06,,,M,,,,,
2015-02-07,,,M,,,,,M
2015-02-08,,,,,,,,"M,M"
2015-02-09,,,M,,,,,"M,M"
2015-02-10,,,M,"M,M",,,,"M,M"
2015-02-11,,,M,,,,,M
2015-02-13,,,,M,,,,"M,M,M"
2015-02-14,,,,,,,,M
2015-02-15,,,M,M,,,,"M,M,M,M,M"
2015-02-16,,,,,,,,"M,M"
2015-02-17,,,,M,,,,"M,M,F,M"
2015-02-19,,,F,,,,,
2015-02-20,,,M,"M,M",,,,
2015-02-21,,,M,,,,,"M,M"
2015-02-22,,,M,M,,,,M
2015-02-23,,,M,,,,,"M,M,M"
2015-02-24,,,,,,,,"M,M"
2015-02-25,,,M,,,,,"M,M"
2015-02-26,,,,"M,M",,,,"F,M"
2015-02-27,,,,M,,,,"M,M"
2015-02-28,,,"M,M",F,,,,"F,M"
2015-03-01,,,"M,M,M",,,,,"M,M"
2015-03-02,,,M,F,,,,
2015-03-03,,,M,,,,,M
2015-03-04,,M,,,,,,M
2015-03-05,,,M,M,,,,M
2015-03-06,,,"M,M,M,M",,,,,"M,M"
2015-03-07,,,,,,,,M
2015-03-08,,,F,M,,,,M
2015-03-09,,F,"M,M",,,,,"M,M"
2015-03-10,,,"M,M,M",M,,,,"M,M"
2015-03-11,,,M,"M,M",,,,"M,M,M"
2015-03-12,,,"M,M",M,,,,
2015-03-13,,,,"M,M",,,,"M,M,M"
2015-03-14,,,,M,,,,M
2015-03-15,,,,,,,,"M,M"
2015-03-16,,M,,,,,,"M,M"
2015-03-17,,,M,M,,,,"M,M,F,M,M"
2015-03-18,,,,,,,,"M,F,M"
2015-03-19,,,"M,M",,M,,,"M,M,M,M"
2015-03-20,,,M,,,,,"M,M"
2015-03-21,,,,,,,,"M,M,M,M"
2015-03-22,,,"M,M",,,,,"M,M"
2015-03-23,,,,,,,,M
2015-03-24,,,"M,M",,,,,"M,M,M"
2015-03-25,,,M,M,,,,
2015-03-26,,,,M,,,,F
2015-03-27,,,"F,M,M,M",M,,,,"M,M,M"
2015-03-29,,,M,,,,,M
2015-03-30,,,"F,M,M",,,,,"M,M,M"
2015-03-31,,,M,M,,,,M
2015-04-01,,,M,,,,,M
2015-04-02,,,"M,M,M",,,,,"M,M"
2015-04-03,,,,,,,,"M,M,M"
2015-04-04,,,"M,M,M",,M,,,M
2015-04-06,,,M,,,,,"M,M,M,M"
2015-04-07,,,,,,,,M
2015-04-08,,,M,M,,,,"M,M,M,M,M"
2015-04-09,,,M,,,,,"M,M,M"
2015-04-10,,,,M,,,,M
2015-04-12,,,"M,M",,,,,"M,M"
2015-04-13,,,,"M,M",,,,
2015-04-14,,,"M,M",,,,,M
2015-04-15,,,"M,M,M",M,,,,"M,M,M"
2015-04-16,,,M,M,,,,M
2015-04-17,,,"M,M",M,,,,
2015-04-18,,,,,,,,"M,M"
2015-04-19,,,M,,,,,"M,M"
2015-04-20,,,,M,,,,
2015-04-21,,,"M,M,M",M,M,,,"M,M,M"
2015-04-22,,M,M,"M,M",,,,M
2015-04-23,,,,M,,,,"M,F,M"
2015-04-24,,,M,,,,,M
2015-04-25,,,M,,,,,"M,M,M"
2015-04-26,,,,,,,,"M,M,M"
2015-04-27,,,M,,,,,
2015-04-28,,,"M,M",,,,,"M,M"
2015-04-29,,,,M,M,,,M
2015-04-30,,,"F,M",M,,,,"M,M"
2015-05-02,,,,,,,,M
2015-05-03,,M,M,,,,,"M,M"
2015-05-04,,,,,,,,"M,M"
2015-05-05,,M,,,,,,M
2015-05-06,,,"M,F,M",,,,,
2015-05-07,,,M,,,,,"M,M,M"
2015-05-08,,,"M,M",,,,,"M,M,M"
2015-05-10,,,M,,,,,M
2015-05-11,,,M,,,,,"M,M"
2015-05-12,,M,M,M,,,,M
2015-05-13,,,M,,,,,M
2015-05-14,,,,,,,,"M,M"
2015-05-15,,,,M,,,,"M,M"
2015-05-17,,,M,,,,,"M,M,M"
2015-05-19,,,M,M,,,,"M,M,M"
2015-05-20,,,M,,,,,"M,M,F"
2015-05-21,,,"M,M,M","M,M",,,,
2015-05-22,,,,,,,,M
2015-05-23,,,M,,,,,"M,M"
2015-05-25,,,M,,,,,"F,M,F"
2015-05-26,,,M,,,,,"M,M"
2015-05-27,M,,,,,,,"M,M,M,M,M"
2015-05-28,,,"M,M",,,,,"M,M"
2015-05-29,,,M,,,,,"M,M,M"
2015-05-30,,,,M,,,,M
2015-05-31,,,"M,M",,,,,"M,M"
2015-06-01,M,,,,,,,M
2015-06-02,,,M,,,,,
2015-06-03,,,M,"M,M,M,M",,,,M
2015-06-04,,,M,,,,,
2015-06-05,,,,M,,,,"M,F"
2015-06-06,,,M,"M,M",,,,"M,M"
2015-04-11,,,,,,,,M
2015-06-07,,,,,,,,M
2015-06-08,,,M,"M,M",,,,"M,M,M"
2015-06-09,,,M,,,,,"M,M,M"
2015-06-10,,,M,,,,,
2015-06-11,,,"M,M","M,M",,,,M
2015-06-12,,,,,,,,"F,M"
2015-06-13,,,"M,M",,,,,"M,M,F,M"
2015-06-14,,,,M,,,,M
2015-06-15,,,"M,M",,,,,
2015-06-16,,,M,,,,,"F,M"
2015-06-17,,,,,M,,,"F,M"
2015-06-18,,,,,,,,M
2015-06-19,,,M,"M,M",,,,
2015-06-21,,,,"M,M",,,,M
2015-06-22,,,M,M,,,,"M,M"
2015-06-23,,,,,,,,"M,M,M,M"
2015-06-24,,,M,,,,,
2015-06-25,,,M,,,,,M
2015-06-26,,,,M,,,,M
2015-06-20,,,"M,M",,,,,
2015-06-27,,,,,,,,M
2015-06-28,,,,,,,,"M,M"
2015-06-29,,,,,,,,M
2015-06-30,,,,,,,,M
2015-07-01,,,M,,,,,"M,M"
2015-07-02,,M,M,,,,M,"M,M"
2015-07-04,,,"M,M,M",,,,,"M,M"
2015-07-03,,,,"M,M,M,M",,,,
2015-07-05,,,,M,,,,"M,M,M,M"
2015-07-06,,,M,M,,,,"M,M,M,M,M"
2015-07-07,,,"M,M","M,M",,,,"M,M,M"
2015-07-08,,,M,,,,,"M,M"
2015-07-09,,,"M,M",,,,,"M,M,M,M"
2015-07-10,,,"M,M",,,,,M
2015-07-11,,,M,,,,,M
2015-07-12,,,"M,M",,M,,,"M,M,M"
2015-07-13,,,,M,,,,"M,M,M,M"
2015-07-14,,,M,,,,,"M,M"
2015-07-15,,,,,,,,M
2015-07-16,M,,"M,M",M,,,,"M,M,M"
2015-07-17,,,"M,M",M,,,,"M,M"
2015-07-18,,,,M,,,,"M,M,M,M"
2015-07-19,,,M,,,,,
2015-07-20,,M,,"M,M",,,,"M,M"
2015-07-22,,,"M,M","M,M",,,,M
2015-07-21,,,,,,,,"M,M,M"
2015-07-23,,,M,,,,,"M,M,M,F"
2015-07-24,,,,,,,,"M,M"
2015-07-25,,,"M,M",,,,,"M,M"
2015-07-26,,,M,,,,,M
2015-07-27,,,,,,,,"M,M,M"
2015-07-28,,,,,,,,"M,M,M"
2015-07-29,,,,"M,M,M",,,,
2015-07-30,,M,,,,,,"M,M"
2015-07-31,,,,"M,M",,,,M
2015-08-01,,,,,,,"M,M","M,M"
2015-08-03,,,M,,,,,"M,M,M"
2015-08-04,,,M,M,,,,
2015-08-05,,,"M,M",M,,,,"M,M,M"
2015-08-06,,,"M,M",M,,,,
2015-08-07,,,"M,M",M,,,,"M,M,M"
2015-08-08,,,"M,M",,,,M,"M,M"
2015-08-09,,,,M,,,M,M
2015-08-10,,,M,,,,,M
2015-08-11,,,,,,,,"M,M,M"
2015-08-12,,,"M,F,M",M,,,,M
2015-08-14,,,"M,M",M,,,,M
2015-08-15,,,,M,,,,"M,M,M"
2015-08-13,,,M,,,,,
2015-08-16,,,,"M,M",,,,M
2015-08-17,,,M,M,,,,
2015-08-19,,,"M,M",,,,,"M,M"
2015-08-20,,,,M,,,,"M,M"
2015-08-21,,,,,,,,"M,M,M,M"
2015-08-22,,,M,,,,,"M,M,M,M"
2015-08-23,,,,,,,,"M,M,M,M,M"
2015-08-25,,,M,"M,M",,,,"M,M"
2015-08-26,,,,,,,,"M,M"
2015-08-27,,,"M,M",M,,,,M
2015-08-28,,,M,M,,,,"M,M,M"
2015-08-29,,,M,"M,M",,,,
2015-08-30,,,,M,,,,M
2015-08-31,,,M,,,,,"M,M"
2015-09-01,,,"M,M",,,,,"M,M"
2015-09-02,,,,,,,,M
2015-09-04,,,,M,,,,"M,M,M,M"
2015-09-05,,,"M,M,F","M,M",,,,
2015-09-06,,,,M,,M,,"M,M"
2015-09-03,,,,M,,,,M
2015-09-07,,,M,M,,,,M
2015-09-09,,M,M,,M,,,M
2015-09-10,,M,M,"M,M",,,,M
2015-09-11,,,,,,,M,M
2015-09-12,,,,,,,,"M,M"
2015-09-13,,,M,M,,,,"M,M"
2015-09-08,,,,,M,,,M
2015-09-14,,,M,,,,,M
2015-09-15,,,M,"M,M",,,,
2015-09-16,,,M,M,,,,
2015-09-17,,,,,,,,"M,M"
2015-09-18,,,,,M,,,"M,M,M"
2015-09-19,,,,,,,,M
2015-09-20,,,,,,,,"M,M,F"
2015-09-21,,,M,"M,M",,,,"M,F,M,M,M"
2015-09-22,,,M,,,,,"M,M,M"
2015-09-23,,,"M,M,M",,,,,"M,M"
2015-09-24,,,M,,M,,,"M,M"
2015-09-25,,,M,,,,,"M,M"
2015-09-27,,,,"F,M",,,,M
2015-09-26,,,M,M,,,,"F,F"
2015-09-28,,,M,M,,,,
2015-09-29,,,"M,M",,M,,,
2015-09-30,,,,,,,,M
2015-10-02,,,,"M,M",,,,"F,M"
2015-10-03,,,,,,,,M
2015-10-04,,,M,,,,,M
2015-10-05,,,M,,,,,"M,M"
2015-10-06,,,,,,,,M
2015-10-07,,,,M,,,,
2015-10-09,,,,M,,,,"M,F"
2015-10-10,,,,,,,M,"M,M,M"
2015-10-11,,M,M,"M,M",,,,
2015-10-12,,,M,,,,,M
2015-10-14,,,M,M,,,M,"M,F"
2015-10-15,,,"M,M","M,M,M",,,,"F,M,M"
2015-10-16,,,M,M,,,M,M
2015-10-17,,,"M,M,M",M,,,,
2015-10-18,,,M,,,,,M
2015-10-19,,,M,,,,,
2015-10-20,,,M,,,,,"M,M,M,M,M"
2015-10-21,,,,"M,M,M",,,,M
2015-10-22,,,"M,M",,,,,
2015-10-23,,,,,,,,"M,F"
2015-10-24,,,"M,M",M,,,,"M,M,M,M,M"
2015-10-26,,M,"M,F",M,,,,
2015-10-27,,,"M,M",,,,,
2015-10-28,,,M,,,,,"M,M,M"
2015-10-30,,,"M,M",M,,,,"M,M"
2015-10-29,,,M,,,,,"M,M"
2015-10-31,,,M,,,,,M
2015-11-01,,,M,,,,,"M,M,M"
2015-11-02,,,M,,,,,M
2015-11-04,M,,M,,,,,"M,M"
2015-11-05,,,,,,,,"M,F,M,M"
2015-11-03,,,,,,,,M
2015-11-06,,,,,,,,"M,M,M,M"
2015-11-09,,,M,"M,M,M",,,,M
2015-11-11,,,"M,M","M,M",,,,M
2015-11-10,,,,M,,,,"M,M,M"
2015-11-12,,,,M,,,,
2015-11-13,,,,M,,,,"M,M"
2015-11-14,,,M,M,,,,
2015-11-15,,,"M,M,M",,,,,M
2015-11-16,,,,,,,,"M,M"
2015-11-17,,,"M,M,M",M,,,,"M,M,M"
2015-11-18,,,"M,M",,,,,
2015-11-19,,,"M,M,M,M",,,,,
2015-11-20,,,,M,,,,"M,M"
2015-11-21,,,,,,,,M
2015-11-22,,,,M,,,,"M,M"
2015-11-23,,,,M,,,,M
2015-11-24,,,M,,,,,"M,M"
2015-11-25,,,,,,,,"F,M,M"
2015-11-27,,,,,,,,M
2015-11-28,,,,,,,,M
2015-11-29,,,,"M,M",,,,"M,M,M"
2015-11-30,,M,M,M,,,,M
2015-12-01,,,,M,,,,M
2015-12-02,,"M,F",M,"M,M,M",,,,
2015-12-03,,,,,,,M,"M,M,M"
2015-12-05,,,,M,,,,"M,F,M,M"
2015-12-06,,,M,,,,,"M,M"
2015-12-09,,,M,,,,,"M,M"
2015-12-08,,,"M,M",,,,,M
2015-12-10,,,M,,,,M,"M,M"
2015-12-11,,,,,,,,M
2015-12-12,,,"M,M,M",M,,,M,"M,M"
2015-12-13,,M,,M,,,,"M,F"
2015-12-14,,M,M,"M,M",,,,"M,M,F,M"
2015-12-16,,,,,,,,M
2015-12-17,,,,,,,,"M,M"
2015-12-15,,,M,,,,,
2015-12-18,,,,M,,,,"M,M"
2015-12-19,,,,M,,,,
2015-12-20,,,"M,M",M,,,,
2015-12-21,,,"M,M,M",M,,,,"M,M,M,M"
2015-12-22,,,,M,,,M,"M,M"
2015-12-23,,,M,,,,,
2015-12-24,,,"M,M",M,,,M,M
2015-12-25,,,,,,,,M
2015-12-26,,,"F,M",M,,,,M
2015-12-27,,,,,,,,"M,M"
2015-12-28,,,,,,,,M
2015-12-29,,M,,,,,F,
2015-12-30,,,,M,,,,M
2015-12-31,,,M,,,,,
2015-12-04,,,M,,,,,
2016-05-25,,,"M,M",,,,,M
2016-01-31,,,"M,M",M,,,,"M,M"
2016-01-01,,,,,,,,M
2016-01-02,,,,,,,,"M,M,M"
2016-01-03,,,M,,,,,
2016-01-04,,,"M,M",,,,,
2016-01-05,,,M,M,,,,"M,M,M,M"
2016-01-06,,,,,,,,M
2016-01-07,,,,M,,,,M
2016-01-08,,,,,,,,"M,M"
2016-01-09,,,,,,,,M
2016-01-10,,,,,,,,F
2016-01-11,,,,,,,,"M,M,M,F,M"
2016-01-12,,,,,M,,,
2016-01-13,,,,,,,,"M,M"
2016-01-14,,,,M,,,,M
2016-01-15,,,M,,,,,M
2016-01-16,,,M,M,,,,"F,M,M"
2016-01-17,,,M,M,,,,"M,M,M,M"
2016-01-18,,,,,,,,"M,M,M,M,M,M"
2016-01-19,,,,M,,,,"M,M,M"
2016-01-20,,,M,,,,,"M,M"
2016-01-21,,,M,,,,,
2016-01-22,,,,,,,,"M,F"
2016-01-23,,,,,,,,M
2016-01-25,,,,M,,,,"M,M"
2016-01-26,,,,,,,,M
2016-01-27,,,"F,M","M,M",,,,"M,M,M"
2016-01-28,,M,M,,,,,M
2016-01-29,,,"M,M",,F,,,F
2016-01-30,,,,"M,M",,,,"M,M"
2016-02-01,,,M,,,,,
2016-02-02,,,,M,M,,,"M,M"
2016-02-03,,,M,,M,,,"M,M"
2016-02-04,,,M,M,,,,"M,M,M"
2016-02-05,,M,M,,,,,"M,M,M,F"
2016-02-06,,,,M,,,,"M,M"
2016-02-07,,,M,,,,,M
2016-02-08,,,"M,M,M",,,,,
2016-02-09,,M,,M,,,,"F,M"
2016-02-10,,,,,M,,,"M,M,M,M"
2016-02-11,,,"M,M",,,,,"M,M"
2016-02-12,,,"M,F",,,,,"M,M"
2016-02-13,,,"M,M,M,M",,,,,
2016-02-14,M,,,M,,,,M
2016-02-15,,,,"M,M",,,,"M,F"
2016-02-16,,,,,,,,"M,M,M"
2016-02-17,,,M,,,,,
2016-02-18,,,,"M,M,M",,,,"M,M"
2016-02-19,,,,,,,,"M,M"
2016-02-20,,,,"M,M,M",,,,M
2016-02-21,,,"F,M,M",,F,,,
2016-02-22,,,,M,F,,,"M,M,M"
2016-02-23,,M,M,M,,,,M
2016-02-24,,,M,"M,M",,,,"M,M,M"
2016-02-25,,,"M,M",,,,,"M,M"
2016-02-26,,,M,,,,,M
2016-02-27,,,,M,,,,
2016-02-28,,,,,,,,"M,M"
2016-02-29,,,M,,,,,
2016-03-01,,,,"M,M",,,,M
2016-03-02,,,,,,,,"M,M"
2016-03-03,,,,M,,,,M
2016-03-04,,,,,,,,"M,M"
2016-03-05,,,,,,,,"M,M"
2016-03-06,,,,M,,,,"M,M"
2016-03-07,,,,"M,M",,,,"M,M,M,M"
2016-03-08,,,,,,,,M
2016-03-10,,,M,"M,M",,,,"M,M"
2016-03-11,,,M,M,,,,"M,M,M"
2016-03-12,,,"M,M,M",,,,,"M,M"
2016-03-13,,,M,M,,,,"M,M,M,F"
2016-03-14,,,M,,,,,
2016-03-15,,,,,,,,"M,M,M"
2016-03-16,,,,"M,M,M,M",,,,"M,M"
2016-03-17,,"M,M","M,M",,,,,
2016-03-18,,,,,,,,M
2016-03-19,,,"F,M,M",,,,,"M,M"
2016-03-20,,,M,M,,,,"M,M"
2016-03-21,,,,,,,,"M,M,M"
2016-03-22,,,,M,,,,M
2016-03-23,,,M,M,,,,"M,M"
2016-03-24,,,"M,M","M,M",,,,"M,M"
2016-03-26,,,,M,,,,"M,M,M,M"
2016-03-27,,,M,,F,,,"M,M"
2016-03-28,,,,,,,,F
2016-03-29,,,,,,,,"M,M,F"
2016-03-30,,,,M,,,,M
2016-03-31,,,"M,M,M,M",,,,,
2016-04-01,,,,"M,M",,,,
2016-04-02,,,M,,,,,
2016-04-03,,,,,,,,"M,M,F,M"
2016-04-04,,,M,M,,,,
2016-04-05,,,M,,,,,M
2016-04-06,,,F,M,,,,"M,M"
2016-04-07,,,,M,M,,,M
2016-04-08,,,"M,M",,,,,F
2016-04-09,,,"M,M",,,,,
2016-04-10,,,,"M,M",,,,"M,M"
2016-04-11,,,"M,F",M,,,,
2016-04-12,,,,M,,,,"M,M"
2016-04-13,,,M,,,,,"M,M"
2016-04-14,,,,,,,,M
2016-04-15,,,M,M,,,,"M,M"
2016-04-16,,,,,,,,"M,M"
2016-04-17,,,"F,M,M,M",,,,,M
2016-04-18,,,"M,M",,,,,
2016-04-19,,M,M,,,,,M
2016-04-20,,,,,,,,"M,M,M"
2016-04-21,,,,M,,,,F
2016-04-22,,,,,,,,"M,M"
2016-04-23,,,"M,M",,,,,"M,M,M"
2016-04-24,,,M,,,,,M
2016-04-25,,,,,,,,"F,M"
2016-04-26,,,M,M,,,,"F,M,M"
2016-04-27,,M,,,,,,"M,M"
2016-04-28,,,M,M,,,,"M,M"
2016-04-29,,,,,,,,"M,M"
2016-04-30,,M,,,,,,"M,M"
2016-05-01,,,M,,,,,M
2016-05-02,,,M,,,,,
2016-05-03,,,,,,,,M
2016-05-04,,,M,,,,,"M,M,M"
2016-05-05,,,"F,M",,,,,M
2016-05-06,,,M,,,,,
2016-05-07,,,"M,M",,,,,"M,M"
2016-05-08,,,,,,,,M
2016-05-09,,,"M,M",,,,,"M,M,M"
2016-05-10,,,M,,,,,F
2016-05-11,,M,M,,,,,"M,M,M"
2016-05-13,,,,"M,F",,,,"M,F"
2016-05-14,,,,,M,,,"M,M,M"
2016-05-16,,,M,,,,,"M,M"
2016-05-15,,,,,,,,M
2016-05-17,,,,,,,,M
2016-05-18,,,,M,,,,"M,M"
2016-05-19,,,"F,M","M,M",,,,M
2016-05-20,,,M,,,,M,M
2016-05-21,,,,,M,,,"M,M"
2016-05-22,,,"M,M",M,,,,M
2016-05-23,,,,,M,,,
2016-05-24,,,,M,,,,"M,M"
2016-05-26,,,M,"M,M,M",,,,"M,M,F"
2016-05-27,,,,,,,,M
2016-05-28,,,"M,M",M,,,,M
2016-05-29,,,,M,,,,"M,M,M,M"
2016-05-30,,,M,,,,,M
2016-05-31,,,,,,,,M
2016-06-01,,,M,,,,,"M,M"
2016-06-02,,,"M,M",,,,,M
2016-06-03,,,,,"M,M",,,M
2016-06-04,,,M,,,,M,M
2016-06-05,,,,,,,,"M,F"
2016-06-06,,M,M,,,,,
2016-06-07,,,M,M,,,,"M,M"
2016-06-08,,,,M,,,,M
2016-06-09,,,M,M,,,,"M,M,M"
2016-06-10,,,M,"M,M",,,,M
2016-06-11,,,M,M,,,,
2016-06-12,,M,M,,,,,M
2016-06-13,,,M,"M,M",,,,M
2016-06-14,M,,,M,,,,"M,M"
2016-06-15,,,,,,,,"M,M"
2016-06-16,,,,"M,M",,,,"M,M"
2016-06-18,,,M,,,,,"M,M"
2016-06-19,,,"M,M,M",,,,,M
2016-06-20,,,M,,,,,M
2016-06-21,,,,M,,,,"M,M"
2016-06-22,,,"M,M,M",M,,,,"M,M"
2016-06-23,,,"M,M,M",,,,,
2016-06-24,,,M,"M,M",,,,"F,M"
2016-06-25,,,,M,,,M,"M,M"
2016-06-26,,,"M,M","M,M",,,,M
2016-06-27,,,M,,,,,"M,M,M,M"
2016-06-28,,M,,,,,M,
2016-06-29,,,"M,M",,,,,M
2016-06-30,,,M,M,,,,"M,M,M"
2016-07-01,,,,,,,,"M,M,M,M"
2016-07-02,,,"M,M",M,,,,M
2016-07-03,,,,"M,M",,,,M
2016-07-04,,,"M,M,M",M,,,,M
2016-07-05,,,M,F,,,,"M,M"
2016-07-06,,,M,M,,,,M
2016-07-07,,,"M,M",M,,,,"M,M"
2016-07-08,,,,,,,,M
2016-07-09,,,"M,M,M",,,,,
2016-07-11,,,"M,M,M",M,,,,M
2016-07-12,,,,,,,,M
2016-07-13,,,M,,,,,"M,M"
2016-07-14,,,M,,,,,
2016-07-15,,,,,,,,M
2016-07-16,,,,,,,,"M,M,M"
2016-07-17,,,"M,M",M,,,,"M,M,M"
2016-07-18,,,,,,,,M
2016-07-20,,,,M,,,,M
2016-07-21,,,M,,,,,"M,M"
2016-07-23,,,"M,M",M,,,,
2016-07-24,,,,,M,,,"M,F"
2016-07-25,,,"M,M",,,,,M
2016-07-26,,,,"M,M",,,M,M
2016-07-27,,,"M,M",M,,,,"M,M,M"
2016-07-28,,,"M,M,M","M,M,M",,,,
2016-07-29,,,F,,,,,"F,M"
2016-07-31,,M,,M,,,,M
2016-08-01,,,F,M,,,,"M,M,M"
2016-08-02,,,M,,,,,"M,M,M,M"
2016-08-03,,,,,,,,"M,M"
2016-08-04,,,,,,,,"M,M"
2016-08-05,,,M,,,,,"M,M,M,M"
2016-08-07,,,"M,M",,,,,
2016-08-08,,,M,M,,,,"M,M,M"
2016-08-09,,,M,M,,,,"M,F,M"
2016-08-11,,,,M,,,,"M,M,M"
2016-08-12,,,,M,M,,,F
2016-08-13,,,"M,M",M,,,,"M,M"
2016-08-15,,,,M,,,,M
2016-08-16,,,"M,M",M,,,,"M,M,M,M"
2016-08-17,,,M,,,,,
2016-08-18,,M,,M,,,,"M,M,M,M,M"
2016-08-19,,,,"M,M",,,,"M,M,M,M"
2016-08-21,,,M,"M,M",,,,
2016-08-22,,,M,,,,,
2016-08-24,,,,M,,,,"M,M,M"
2016-08-25,,,M,M,,,,"M,M"
2016-08-26,,,,,,,,M
2016-08-27,,,M,"M,M",,,,M
2016-08-28,,,,,,,,M
2016-08-29,,,M,,,,,"M,F"
2016-08-30,,,M,,M,,,"M,M,M"
2016-08-31,,,,,,,,"M,M"
2016-09-01,,,,"M,M",,,,"M,M"
2016-09-02,,,M,M,,,,"M,M"
2016-09-03,,,M,M,,,,"M,M"
2016-09-04,,,,"M,M",,,,
2016-09-05,,,M,M,,,,
2016-09-06,,,,M,,,,"M,M,M,M"
2016-09-07,,,"M,M",,,,,"M,M,M"
2016-09-08,,,,"M,M",,,,
2016-09-09,,,M,,,,,M
2016-09-10,,,,,,,,"M,M"
2016-09-11,,,M,,,,,
2016-09-12,,,M,M,,,,M
2016-09-13,,,,,,,,M
2016-09-14,,,M,,,,,
2016-09-15,,,,M,,,,"M,M"
2016-09-16,,,"M,M",,M,,,"M,M"
2016-09-17,,,M,,,,,"M,M,M"
2016-09-18,,,"M,M",,,,,
2016-09-19,,,,,,,,"M,F"
2016-09-20,,,M,,,,,"M,M,M,M,M,M"
2016-09-21,,,,,,,,M
2016-09-23,,,M,M,,,,M
2016-09-25,,,,,,,,M
2016-09-26,,,,,,,,"M,M,M,M"
2016-09-27,,,M,,,,,M
2016-09-28,,,M,M,,,,
2016-09-29,,,,,,,,M
2016-09-30,,,"M,M,M,M,M",,,,,"M,M,F"
2016-10-01,,,M,,,,,M
2016-10-02,,,M,"M,M",,,,F
2016-10-03,,,,,,,,"M,M"
2016-10-04,,,,M,,,,"M,M,M"
2016-10-05,,,,,,,,"M,M"
2016-10-06,,,,,,,,M
2016-10-07,,,"M,M,M",,,,,"M,M,M"
2016-12-07,,,"M,M",,,,,"M,M,M"
2016-10-08,,,,M,,,,"F,M,M"
2016-10-09,,,M,,,,,
2016-10-10,,,,M,"M,M",,,"M,M"
2016-10-11,,M,,,,,,M
2016-10-12,,,M,,,,,"M,M,M,M"
2016-10-13,,,,,,,,M
2016-10-14,,,,M,,,,"M,M"
2016-10-15,,,,M,,,,M
2016-10-16,,,,,,,,"M,F,M"
2016-10-17,,,,M,,,,M
2016-10-18,,,"M,F",M,,,,M
2016-10-19,,,,"M,M",,,,M
2016-10-20,,,,,,,,M
2016-10-21,,,,,F,,,M
2016-10-22,,M,,,,,,"M,F"
2016-10-23,,,M,,,,,M
2016-10-24,,,M,,,,,"M,M"
2016-10-25,,,M,,,,,"M,F,M"
2016-10-26,,,M,,,,,M
2016-10-27,,,M,M,,,,M
2016-10-28,,M,M,,,,,M
2016-10-29,,,,,,,,M
2016-10-30,,,M,M,M,,,
2016-10-31,,,F,M,,,,"M,F"
2016-11-01,,,M,,,,,"M,M"
2016-11-02,,,,,,,M,"M,M"
2016-11-03,,,M,,,,M,F
2016-11-04,,,,M,,,M,M
2016-11-05,,,M,,,,,"M,M,M,M"
2016-11-06,,,,M,,,,"M,M,M,M,M"
2016-11-07,,,M,,,,,
2016-11-08,,,M,M,,,M,"M,M"
2016-11-09,,,,,,,,M
2016-11-10,,,,M,,,,M
2016-11-11,,,M,M,,,,"M,M,F"
2016-11-12,,,,M,,,,"M,M"
2016-11-13,,,,"M,M",,,,"M,M"
2016-11-14,,,,,,,,"M,F"
2016-11-15,,,M,,,,M,M
2016-11-16,,,,,,,M,"M,M"
2016-11-18,,,"M,M",,,,M,M
2016-11-19,,M,"M,M",M,,,M,
2016-11-20,,,,M,,,,M
2016-11-21,,,M,,,,,"M,F,F"
2016-11-22,,,"M,M,M",M,,,M,
2016-09-22,,,,,,,,M
2016-11-23,,,M,,,,,"M,M"
2016-11-24,,,,,,,M,
2016-11-25,,,"M,M",M,,,,
2016-11-26,,,,M,,,,
2016-11-27,,,"M,M",,,,,"M,M"
2016-11-28,,,"M,M,M",M,,,,
2016-11-29,,,,,,,,"M,M,M,M"
2016-11-30,,,M,M,,,,
2016-12-01,,,M,M,,,,M
2016-12-02,,,,,,,,"M,M,M,M"
2016-12-03,,,,M,,,,
2016-12-04,M,,M,,,,,
2016-12-06,,,,,,,,"M,M,M,M"
2016-12-08,,,,,,,,M
2016-12-09,,M,,,,,,"M,M,M"
2016-12-10,,,M,,,,,M
2016-12-11,,,,M,,,,"M,M,M,F"
2016-12-12,,,,M,,,M,M
2016-12-13,,,"M,M",,,,,
2016-12-15,,,M,,,,,M
2016-12-16,,,,,,,,M
2016-12-17,,,,M,M,,,M
2016-12-18,,,M,,,,,"M,M"
2016-12-19,,,,,,,M,M
2016-12-20,,,,,,,"M,M",M
2016-12-21,,,M,"M,M,M",,,,"M,M,M,M"
2016-12-22,,,M,,,,M,
2016-12-23,,,,M,,,,M
2016-12-24,,M,,,,,M,"F,M"
2016-12-25,,,M,,,,M,"M,M"
2016-12-27,,,,M,M,,,"M,F,M,M"
2016-12-28,,,,,,,,"M,M"
2016-12-29,,,M,,,,,
2016-12-30,,,M,,,,,M
2016-12-31,,,,,,,,"M,M,M,M"
